Title,Price
"Too Good to Be True : A smart, funny will-they-won’t-they romance",286.00
Static G.K By Ankit Bhati And Naveen Sir In Hindi Latest 2025,169.00
"Oswaal CBSE 25 Combined Sample Question papers Class 10 Books Science, Mathematics Standard, Social Science, English Language and Literature, Hindi-A (For 2025 Exam)",424.00
The Psychology of Money,301.00
Dopamine Detox : A Short Guide to Remove Distractions and Get Your Brain to Do Hard Things,190.00
My First Library: Boxset of 10 Board Books for Kids,399.00
Amma Diarylo Konni Pageelu,220.00
Atomic Habits,553.00
White Nights,124.00
"Educart CBSE Class 10 Most Likely Sets of Sample Papers - Science, Maths Standard, Social Science & English (with Answer Writing Sheets 2024-25)",499.00
Animals Tales From Panchtantra: Timeless Stories for Children From Ancient India,199.00
Educart CBSE Class 10 Final Revision Book 2025 - Maths + Science + Social Science + English (2024-25),639.00
Don't Believe Everything You Think (English),185.00
The Mountain Is You: Transforming Self-Sabotage Into Self-Mastery (English),261.00
Ikigai: Japanese secret to long and happy life,387.00
"PW NTA NEET Rankers Test Series 2025 Verified & Curated by Expert Faculties | 10 Full Syllabus + 4 Part Syllabus (Class 11 & 12) | OMR Sheet, Solution Booklet with NCERT References",599.00
Oswaal CBSE Sample Question Papers Class 10 Science Book (For 2025 Exam),321.00
Rich Dad Poor Dad: What the Rich Teach Their Kids About Money That the Poor and Middle Class Do Not!,390.00
World’s Greatest Books For Personal Growth & Wealth (Set of 4 Books) : Perfect Motivational Gift Set,349.00
Oswaal CBSE Sample Question Papers Class 10 Mathematics Standard Book (For 2025 Exam),339.00
The Power of Your Subconscious Mind: Original Classic Edition | Premium Paperback,149.00
My First Book of Patterns Pencil Control: Patterns Practice book for kids (Pattern Writing),129.00
"1'o Clock Revision book for Science, Maths and Social Science for Class 10th CBSE 2025 (Set of 2) | AI Images | Flowcharts | Tables | Diagrams | Maps and much more, Revise Instantly",499.00
"Courage To Be Disliked, The: How to free yourself, change your life and achieve real happiness",346.00
Bhagvad Gita As It Is English New Edition,308.00
Shrimad Bhagwat Geeta Yatharoop (Hindi),260.00
The Power of Your Subconscious Mind: Original Edition | Premium Paperback,149.00
"PW CBSE | Class 10 | 15 New Pattern Sample Paper Science, Maths (Std), English & Social Science Combo Set of 4 Books for 2025 Board Exam | 50% Competency Based Questions",999.00
"Educart CBSE Sample Paper Class 10 2024-25 - Science, Mathematics (Standard), Social Science & English Combo Set of 4 Books (with exclusive CBSE Mock Booklets) for 2025 Exam","1,445.00"
Why will you not cast your vote for BJP (Assamese Edition),245.00
